,Unnamed: 0,#,Name,Type 1,Type 2,Total,HP,Attack,Defense,Sp. Atk,Sp. Def,Speed,Generation,Legendary
0,0,1,Bulbasaur,Grass,Poison,318,45,49,49,65,65,45,1,FALSE
1,1,2,Ivysaur,Grass,Poison,405,60,62,63,80,80,60,1,FALSE
2,2,3,Venusaur,Grass,Poison,525,80,82,83,100,100,80,1,FALSE
4,4,4,Charmander,Fire,Fire,309,39,52,43,60,50,65,1,FALSE
5,5,5,Charmeleon,Fire,Fire,405,58,64,58,80,65,80,1,FALSE
6,6,6,Charizard,Fire,Flying,534,78,84,78,109,85,100,1,FALSE
9,9,7,Squirtle,Water,Water,314,44,48,65,50,64,43,1,FALSE
10,10,8,Wartortle,Water,Water,405,59,63,80,65,80,58,1,FALSE
11,11,9,Blastoise,Water,Water,530,79,83,100,85,105,78,1,FALSE
13,13,10,Caterpie,Bug,Bug,195,45,30,35,20,20,45,1,FALSE
14,14,11,Metapod,Bug,Bug,205,50,20,55,25,25,30,1,FALSE
15,15,12,Butterfree,Bug,Flying,395,60,45,50,90,80,70,1,FALSE
16,16,13,Weedle,Bug,Poison,195,40,35,30,20,20,50,1,FALSE
17,17,14,Kakuna,Bug,Poison,205,45,25,50,25,25,35,1,FALSE
18,18,15,Beedrill,Bug,Poison,395,65,90,40,45,80,75,1,FALSE
20,20,16,Pidgey,Normal,Flying,251,40,45,40,35,35,56,1,FALSE
21,21,17,Pidgeotto,Normal,Flying,349,63,60,55,50,50,71,1,FALSE
22,22,18,Pidgeot,Normal,Flying,479,83,80,75,70,70,101,1,FALSE
24,24,19,Rattata,Normal,Normal,253,30,56,35,25,35,72,1,FALSE
25,25,20,Raticate,Normal,Normal,413,55,81,60,50,70,97,1,FALSE
26,26,21,Spearow,Normal,Flying,262,40,60,30,31,31,70,1,FALSE
27,27,22,Fearow,Normal,Flying,442,65,90,65,61,61,100,1,FALSE
28,28,23,Ekans,Poison,Poison,288,35,60,44,40,54,55,1,FALSE
29,29,24,Arbok,Poison,Poison,438,60,85,69,65,79,80,1,FALSE
30,30,25,Pikachu,Electric,Electric,320,35,55,40,50,50,90,1,FALSE
31,31,26,Raichu,Electric,Electric,485,60,90,55,90,80,110,1,FALSE
32,32,27,Sandshrew,Ground,Ground,300,50,75,85,20,30,40,1,FALSE
33,33,28,Sandslash,Ground,Ground,450,75,100,110,45,55,65,1,FALSE
34,34,29,Nidoran ?,Poison,Poison,275,55,47,52,40,40,41,1,FALSE
35,35,30,Nidorina,Poison,Poison,365,70,62,67,55,55,56,1,FALSE
36,36,31,Nidoqueen,Poison,Ground,505,90,92,87,75,85,76,1,FALSE
37,37,32,Nidoran♂,Poison,Poison,273,46,57,40,40,40,50,1,FALSE
38,38,33,Nidorino,Poison,Poison,365,61,72,57,55,55,65,1,FALSE
39,39,34,Nidoking,Poison,Ground,505,81,102,77,85,75,85,1,FALSE
40,40,35,Clefairy,Fairy,Fairy,323,70,45,48,60,65,35,1,FALSE
41,41,36,Clefable,Fairy,Fairy,483,95,70,73,95,90,60,1,FALSE
42,42,37,Vulpix,Fire,Fire,299,38,41,40,50,65,65,1,FALSE
43,43,38,Ninetales,Fire,Fire,505,73,76,75,81,100,100,1,FALSE
44,44,39,Jigglypuff,Normal,Fairy,270,115,45,20,45,25,20,1,FALSE
45,45,40,Wigglytuff,Normal,Fairy,435,140,70,45,85,50,45,1,FALSE
46,46,41,Zubat,Poison,Flying,245,40,45,35,30,40,55,1,FALSE
47,47,42,Golbat,Poison,Flying,455,75,80,70,65,75,90,1,FALSE
48,48,43,Oddish,Grass,Poison,320,45,50,55,75,65,30,1,FALSE
49,49,44,Gloom,Grass,Poison,395,60,65,70,85,75,40,1,FALSE
50,50,45,Vileplume,Grass,Poison,490,75,80,85,110,90,50,1,FALSE
51,51,46,Paras,Bug,Grass,285,35,70,55,45,55,25,1,FALSE
52,52,47,Parasect,Bug,Grass,405,60,95,80,60,80,30,1,FALSE
53,53,48,Venonat,Bug,Poison,305,60,55,50,40,55,45,1,FALSE
54,54,49,Venomoth,Bug,Poison,450,70,65,60,90,75,90,1,FALSE
55,55,50,Diglett,Ground,Ground,265,10,55,25,35,45,95,1,FALSE
56,56,51,Dugtrio,Ground,Ground,405,35,80,50,50,70,120,1,FALSE
57,57,52,Meowth,Normal,Normal,290,40,45,35,40,40,90,1,FALSE
58,58,53,Persian,Normal,Normal,440,65,70,60,65,65,115,1,FALSE
59,59,54,Psyduck,Water,Water,320,50,52,48,65,50,55,1,FALSE
60,60,55,Golduck,Water,Water,500,80,82,78,95,80,85,1,FALSE
61,61,56,Mankey,Fighting,Fighting,305,40,80,35,35,45,70,1,FALSE
62,62,57,Primeape,Fighting,Fighting,455,65,105,60,60,70,95,1,FALSE
63,63,58,Growlithe,Fire,Fire,350,55,70,45,70,50,60,1,FALSE
64,64,59,Arcanine,Fire,Fire,555,90,110,80,100,80,95,1,FALSE
65,65,60,Poliwag,Water,Water,300,40,50,40,40,40,90,1,FALSE
66,66,61,Poliwhirl,Water,Water,385,65,65,65,50,50,90,1,FALSE
67,67,62,Poliwrath,Water,Fighting,510,90,95,95,70,90,70,1,FALSE
68,68,63,Abra,Psychic,Psychic,310,25,20,15,105,55,90,1,FALSE
69,69,64,Kadabra,Psychic,Psychic,400,40,35,30,120,70,105,1,FALSE
70,70,65,Alakazam,Psychic,Psychic,500,55,50,45,135,95,120,1,FALSE
72,72,66,Machop,Fighting,Fighting,305,70,80,50,35,35,35,1,FALSE
73,73,67,Machoke,Fighting,Fighting,405,80,100,70,50,60,45,1,FALSE
74,74,68,Machamp,Fighting,Fighting,505,90,130,80,65,85,55,1,FALSE
75,75,69,Bellsprout,Grass,Poison,300,50,75,35,70,30,40,1,FALSE
76,76,70,Weepinbell,Grass,Poison,390,65,90,50,85,45,55,1,FALSE
77,77,71,Victreebel,Grass,Poison,490,80,105,65,100,70,70,1,FALSE
78,78,72,Tentacool,Water,Poison,335,40,40,35,50,100,70,1,FALSE
79,79,73,Tentacruel,Water,Poison,515,80,70,65,80,120,100,1,FALSE
80,80,74,Geodude,Rock,Ground,300,40,80,100,30,30,20,1,FALSE
81,81,75,Graveler,Rock,Ground,390,55,95,115,45,45,35,1,FALSE
82,82,76,Golem,Rock,Ground,495,80,120,130,55,65,45,1,FALSE
83,83,77,Ponyta,Fire,Fire,410,50,85,55,65,65,90,1,FALSE
84,84,78,Rapidash,Fire,Fire,500,65,100,70,80,80,105,1,FALSE
85,85,79,Slowpoke,Water,Psychic,315,90,65,65,40,40,15,1,FALSE
86,86,80,Slowbro,Water,Psychic,490,95,75,110,100,80,30,1,FALSE
88,88,81,Magnemite,Electric,Steel,325,25,35,70,95,55,45,1,FALSE
89,89,82,Magneton,Electric,Steel,465,50,60,95,120,70,70,1,FALSE
90,90,83,Farfetch'd,Normal,Flying,352,52,65,55,58,62,60,1,FALSE
91,91,84,Doduo,Normal,Flying,310,35,85,45,35,35,75,1,FALSE
92,92,85,Dodrio,Normal,Flying,460,60,110,70,60,60,100,1,FALSE
93,93,86,Seel,Water,Water,325,65,45,55,45,70,45,1,FALSE
94,94,87,Dewgong,Water,Ice,475,90,70,80,70,95,70,1,FALSE
95,95,88,Grimer,Poison,Poison,325,80,80,50,40,50,25,1,FALSE
96,96,89,Muk,Poison,Poison,500,105,105,75,65,100,50,1,FALSE
97,97,90,Shellder,Water,Water,305,30,65,100,45,25,40,1,FALSE
98,98,91,Cloyster,Water,Ice,525,50,95,180,85,45,70,1,FALSE
99,99,92,Gastly,Ghost,Poison,310,30,35,30,100,35,80,1,FALSE
100,100,93,Haunter,Ghost,Poison,405,45,50,45,115,55,95,1,FALSE
101,101,94,Gengar,Ghost,Poison,500,60,65,60,130,75,110,1,FALSE
103,103,95,Onix,Rock,Ground,385,35,45,160,30,45,70,1,FALSE
104,104,96,Drowzee,Psychic,Psychic,328,60,48,45,43,90,42,1,FALSE
105,105,97,Hypno,Psychic,Psychic,483,85,73,70,73,115,67,1,FALSE
106,106,98,Krabby,Water,Water,325,30,105,90,25,25,50,1,FALSE
107,107,99,Kingler,Water,Water,475,55,130,115,50,50,75,1,FALSE
108,108,100,Voltorb,Electric,Electric,330,40,30,50,55,55,100,1,FALSE
109,109,101,Electrode,Electric,Electric,480,60,50,70,80,80,140,1,FALSE
110,110,102,Exeggcute,Grass,Psychic,325,60,40,80,60,45,40,1,FALSE
111,111,103,Exeggutor,Grass,Psychic,520,95,95,85,125,65,55,1,FALSE
112,112,104,Cubone,Ground,Ground,320,50,50,95,40,50,35,1,FALSE
113,113,105,Marowak,Ground,Ground,425,60,80,110,50,80,45,1,FALSE
114,114,106,Hitmonlee,Fighting,Fighting,455,50,120,53,35,110,87,1,FALSE
115,115,107,Hitmonchan,Fighting,Fighting,455,50,105,79,35,110,76,1,FALSE
116,116,108,Lickitung,Normal,Normal,385,90,55,75,60,75,30,1,FALSE
117,117,109,Koffing,Poison,Poison,340,40,65,95,60,45,35,1,FALSE
118,118,110,Weezing,Poison,Poison,490,65,90,120,85,70,60,1,FALSE
119,119,111,Rhyhorn,Ground,Rock,345,80,85,95,30,30,25,1,FALSE
120,120,112,Rhydon,Ground,Rock,485,105,130,120,45,45,40,1,FALSE
121,121,113,Chansey,Normal,Normal,450,250,5,5,35,105,50,1,FALSE
122,122,114,Tangela,Grass,Grass,435,65,55,115,100,40,60,1,FALSE
123,123,115,Kangaskhan,Normal,Normal,490,105,95,80,40,80,90,1,FALSE
125,125,116,Horsea,Water,Water,295,30,40,70,70,25,60,1,FALSE
126,126,117,Seadra,Water,Water,440,55,65,95,95,45,85,1,FALSE
127,127,118,Goldeen,Water,Water,320,45,67,60,35,50,63,1,FALSE
128,128,119,Seaking,Water,Water,450,80,92,65,65,80,68,1,FALSE
129,129,120,Staryu,Water,Water,340,30,45,55,70,55,85,1,FALSE
130,130,121,Starmie,Water,Psychic,520,60,75,85,100,85,115,1,FALSE
131,131,122,Mr. Mime,Psychic,Fairy,460,40,45,65,100,120,90,1,FALSE
132,132,123,Scyther,Bug,Flying,500,70,110,80,55,80,105,1,FALSE
133,133,124,Jynx,Ice,Psychic,455,65,50,35,115,95,95,1,FALSE
134,134,125,Electabuzz,Electric,Electric,490,65,83,57,95,85,105,1,FALSE
135,135,126,Magmar,Fire,Fire,495,65,95,57,100,85,93,1,FALSE
136,136,127,Pinsir,Bug,Bug,500,65,125,100,55,70,85,1,FALSE
138,138,128,Tauros,Normal,Normal,490,75,100,95,40,70,110,1,FALSE
139,139,129,Magikarp,Water,Water,200,20,10,55,15,20,80,1,FALSE
140,140,130,Gyarados,Water,Flying,540,95,125,79,60,100,81,1,FALSE
142,142,131,Lapras,Water,Ice,535,130,85,80,85,95,60,1,FALSE
143,143,132,Ditto,Normal,Normal,288,48,48,48,48,48,48,1,FALSE
144,144,133,Eevee,Normal,Normal,325,55,55,50,45,65,55,1,FALSE
145,145,134,Vaporeon,Water,Water,525,130,65,60,110,95,65,1,FALSE
146,146,135,Jolteon,Electric,Electric,525,65,65,60,110,95,130,1,FALSE
147,147,136,Flareon,Fire,Fire,525,65,130,60,95,110,65,1,FALSE
148,148,137,Porygon,Normal,Normal,395,65,60,70,85,75,40,1,FALSE
149,149,138,Omanyte,Rock,Water,355,35,40,100,90,55,35,1,FALSE
150,150,139,Omastar,Rock,Water,495,70,60,125,115,70,55,1,FALSE
151,151,140,Kabuto,Rock,Water,355,30,80,90,55,45,55,1,FALSE
152,152,141,Kabutops,Rock,Water,495,60,115,105,65,70,80,1,FALSE
153,153,142,Aerodactyl,Rock,Flying,515,80,105,65,60,75,130,1,FALSE
155,155,143,Snorlax,Normal,Normal,540,160,110,65,65,110,30,1,FALSE
156,156,144,Articuno,Ice,Flying,580,90,85,100,95,125,85,1,TRUE
157,157,145,Zapdos,Electric,Flying,580,90,90,85,125,90,100,1,TRUE
158,158,146,Moltres,Fire,Flying,580,90,100,90,125,85,90,1,TRUE
159,159,147,Dratini,Dragon,Dragon,300,41,64,45,50,50,50,1,FALSE
160,160,148,Dragonair,Dragon,Dragon,420,61,84,65,70,70,70,1,FALSE
161,161,149,Dragonite,Dragon,Flying,600,91,134,95,100,100,80,1,FALSE
162,162,150,Mewtwo,Psychic,Psychic,680,106,110,90,154,90,130,1,TRUE
165,165,151,Mew,Psychic,Psychic,600,100,100,100,100,100,100,1,FALSE
166,166,152,Chikorita,Grass,Grass,318,45,49,65,49,65,45,2,FALSE
167,167,153,Bayleef,Grass,Grass,405,60,62,80,63,80,60,2,FALSE
168,168,154,Meganium,Grass,Grass,525,80,82,100,83,100,80,2,FALSE
169,169,155,Cyndaquil,Fire,Fire,309,39,52,43,60,50,65,2,FALSE
170,170,156,Quilava,Fire,Fire,405,58,64,58,80,65,80,2,FALSE
171,171,157,Typhlosion,Fire,Fire,534,78,84,78,109,85,100,2,FALSE
172,172,158,Totodile,Water,Water,314,50,65,64,44,48,43,2,FALSE
173,173,159,Croconaw,Water,Water,405,65,80,80,59,63,58,2,FALSE
174,174,160,Feraligatr,Water,Water,530,85,105,100,79,83,78,2,FALSE
175,175,161,Sentret,Normal,Normal,215,35,46,34,35,45,20,2,FALSE
176,176,162,Furret,Normal,Normal,415,85,76,64,45,55,90,2,FALSE
177,177,163,Hoothoot,Normal,Flying,262,60,30,30,36,56,50,2,FALSE
178,178,164,Noctowl,Normal,Flying,442,100,50,50,76,96,70,2,FALSE
179,179,165,Ledyba,Bug,Flying,265,40,20,30,40,80,55,2,FALSE
180,180,166,Ledian,Bug,Flying,390,55,35,50,55,110,85,2,FALSE
181,181,167,Spinarak,Bug,Poison,250,40,60,40,40,40,30,2,FALSE
182,182,168,Ariados,Bug,Poison,390,70,90,70,60,60,40,2,FALSE
183,183,169,Crobat,Poison,Flying,535,85,90,80,70,80,130,2,FALSE
184,184,170,Chinchou,Water,Electric,330,75,38,38,56,56,67,2,FALSE
185,185,171,Lanturn,Water,Electric,460,125,58,58,76,76,67,2,FALSE
186,186,172,Pichu,Electric,Electric,205,20,40,15,35,35,60,2,FALSE
187,187,173,Cleffa,Fairy,Fairy,218,50,25,28,45,55,15,2,FALSE
188,188,174,Igglybuff,Normal,Fairy,210,90,30,15,40,20,15,2,FALSE
189,189,175,Togepi,Fairy,Fairy,245,35,20,65,40,65,20,2,FALSE
190,190,176,Togetic,Fairy,Flying,405,55,40,85,80,105,40,2,FALSE
191,191,177,Natu,Psychic,Flying,320,40,50,45,70,45,70,2,FALSE
192,192,178,Xatu,Psychic,Flying,470,65,75,70,95,70,95,2,FALSE
193,193,179,Mareep,Electric,Electric,280,55,40,40,65,45,35,2,FALSE
194,194,180,Flaaffy,Electric,Electric,365,70,55,55,80,60,45,2,FALSE
195,195,181,Ampharos,Electric,Electric,510,90,75,85,115,90,55,2,FALSE
197,197,182,Bellossom,Grass,Grass,490,75,80,95,90,100,50,2,FALSE
198,198,183,Marill,Water,Fairy,250,70,20,50,20,50,40,2,FALSE
199,199,184,Azumarill,Water,Fairy,420,100,50,80,60,80,50,2,FALSE
200,200,185,Sudowoodo,Rock,Rock,410,70,100,115,30,65,30,2,FALSE
201,201,186,Politoed,Water,Water,500,90,75,75,90,100,70,2,FALSE
202,202,187,Hoppip,Grass,Flying,250,35,35,40,35,55,50,2,FALSE
203,203,188,Skiploom,Grass,Flying,340,55,45,50,45,65,80,2,FALSE
204,204,189,Jumpluff,Grass,Flying,460,75,55,70,55,95,110,2,FALSE
205,205,190,Aipom,Normal,Normal,360,55,70,55,40,55,85,2,FALSE
206,206,191,Sunkern,Grass,Grass,180,30,30,30,30,30,30,2,FALSE
207,207,192,Sunflora,Grass,Grass,425,75,75,55,105,85,30,2,FALSE
208,208,193,Yanma,Bug,Flying,390,65,65,45,75,45,95,2,FALSE
209,209,194,Wooper,Water,Ground,210,55,45,45,25,25,15,2,FALSE
210,210,195,Quagsire,Water,Ground,430,95,85,85,65,65,35,2,FALSE
211,211,196,Espeon,Psychic,Psychic,525,65,65,60,130,95,110,2,FALSE
212,212,197,Umbreon,Dark,Dark,525,95,65,110,60,130,65,2,FALSE
213,213,198,Murkrow,Dark,Flying,405,60,85,42,85,42,91,2,FALSE
214,214,199,Slowking,Water,Psychic,490,95,75,80,100,110,30,2,FALSE
215,215,200,Misdreavus,Ghost,Ghost,435,60,60,60,85,85,85,2,FALSE
216,216,201,Unown,Psychic,Psychic,336,48,72,48,72,48,48,2,FALSE
217,217,202,Wobbuffet,Psychic,Psychic,405,190,33,58,33,58,33,2,FALSE
218,218,203,Girafarig,Normal,Psychic,455,70,80,65,90,65,85,2,FALSE
219,219,204,Pineco,Bug,Bug,290,50,65,90,35,35,15,2,FALSE
220,220,205,Forretress,Bug,Steel,465,75,90,140,60,60,40,2,FALSE
221,221,206,Dunsparce,Normal,Normal,415,100,70,70,65,65,45,2,FALSE
222,222,207,Gligar,Ground,Flying,430,65,75,105,35,65,85,2,FALSE
223,223,208,Steelix,Steel,Ground,510,75,85,200,55,65,30,2,FALSE
225,225,209,Snubbull,Fairy,Fairy,300,60,80,50,40,40,30,2,FALSE
226,226,210,Granbull,Fairy,Fairy,450,90,120,75,60,60,45,2,FALSE
227,227,211,Qwilfish,Water,Poison,430,65,95,75,55,55,85,2,FALSE
228,228,212,Scizor,Bug,Steel,500,70,130,100,55,80,65,2,FALSE
230,230,213,Shuckle,Bug,Rock,505,20,10,230,10,230,5,2,FALSE
231,231,214,Heracross,Bug,Fighting,500,80,125,75,40,95,85,2,FALSE
233,233,215,Sneasel,Dark,Ice,430,55,95,55,35,75,115,2,FALSE
234,234,216,Teddiursa,Normal,Normal,330,60,80,50,50,50,40,2,FALSE
235,235,217,Ursaring,Normal,Normal,500,90,130,75,75,75,55,2,FALSE
236,236,218,Slugma,Fire,Fire,250,40,40,40,70,40,20,2,FALSE
237,237,219,Magcargo,Fire,Rock,410,50,50,120,80,80,30,2,FALSE
238,238,220,Swinub,Ice,Ground,250,50,50,40,30,30,50,2,FALSE
239,239,221,Piloswine,Ice,Ground,450,100,100,80,60,60,50,2,FALSE
240,240,222,Corsola,Water,Rock,380,55,55,85,65,85,35,2,FALSE
241,241,223,Remoraid,Water,Water,300,35,65,35,65,35,65,2,FALSE
242,242,224,Octillery,Water,Water,480,75,105,75,105,75,45,2,FALSE
243,243,225,Delibird,Ice,Flying,330,45,55,45,65,45,75,2,FALSE
244,244,226,Mantine,Water,Flying,465,65,40,70,80,140,70,2,FALSE
245,245,227,Skarmory,Steel,Flying,465,65,80,140,40,70,70,2,FALSE
246,246,228,Houndour,Dark,Fire,330,45,60,30,80,50,65,2,FALSE
247,247,229,Houndoom,Dark,Fire,500,75,90,50,110,80,95,2,FALSE
249,249,230,Kingdra,Water,Dragon,540,75,95,95,95,95,85,2,FALSE
250,250,231,Phanpy,Ground,Ground,330,90,60,60,40,40,40,2,FALSE
251,251,232,Donphan,Ground,Ground,500,90,120,120,60,60,50,2,FALSE
252,252,233,Porygon2,Normal,Normal,515,85,80,90,105,95,60,2,FALSE
253,253,234,Stantler,Normal,Normal,465,73,95,62,85,65,85,2,FALSE
254,254,235,Smeargle,Normal,Normal,250,55,20,35,20,45,75,2,FALSE
255,255,236,Tyrogue,Fighting,Fighting,210,35,35,35,35,35,35,2,FALSE
256,256,237,Hitmontop,Fighting,Fighting,455,50,95,95,35,110,70,2,FALSE
257,257,238,Smoochum,Ice,Psychic,305,45,30,15,85,65,65,2,FALSE
258,258,239,Elekid,Electric,Electric,360,45,63,37,65,55,95,2,FALSE
259,259,240,Magby,Fire,Fire,365,45,75,37,70,55,83,2,FALSE
260,260,241,Miltank,Normal,Normal,490,95,80,105,40,70,100,2,FALSE
261,261,242,Blissey,Normal,Normal,540,255,10,10,75,135,55,2,FALSE
262,262,243,Raikou,Electric,Electric,580,90,85,75,115,100,115,2,TRUE
263,263,244,Entei,Fire,Fire,580,115,115,85,90,75,100,2,TRUE
264,264,245,Suicune,Water,Water,580,100,75,115,90,115,85,2,TRUE
265,265,246,Larvitar,Rock,Ground,300,50,64,50,45,50,41,2,FALSE
266,266,247,Pupitar,Rock,Ground,410,70,84,70,65,70,51,2,FALSE
267,267,248,Tyranitar,Rock,Dark,600,100,134,110,95,100,61,2,FALSE
269,269,249,Lugia,Psychic,Flying,680,106,90,130,90,154,110,2,TRUE
270,270,250,Ho-oh,Fire,Flying,680,106,130,90,110,154,90,2,TRUE
271,271,251,Celebi,Psychic,Grass,600,100,100,100,100,100,100,2,FALSE
272,272,252,Treecko,Grass,Grass,310,40,45,35,65,55,70,3,FALSE
273,273,253,Grovyle,Grass,Grass,405,50,65,45,85,65,95,3,FALSE
274,274,254,Sceptile,Grass,Grass,530,70,85,65,105,85,120,3,FALSE
276,276,255,Torchic,Fire,Fire,310,45,60,40,70,50,45,3,FALSE
277,277,256,Combusken,Fire,Fighting,405,60,85,60,85,60,55,3,FALSE
278,278,257,Blaziken,Fire,Fighting,530,80,120,70,110,70,80,3,FALSE
280,280,258,Mudkip,Water,Water,310,50,70,50,50,50,40,3,FALSE
281,281,259,Marshtomp,Water,Ground,405,70,85,70,60,70,50,3,FALSE
282,282,260,Swampert,Water,Ground,535,100,110,90,85,90,60,3,FALSE
284,284,261,Poochyena,Dark,Dark,220,35,55,35,30,30,35,3,FALSE
285,285,262,Mightyena,Dark,Dark,420,70,90,70,60,60,70,3,FALSE
286,286,263,Zigzagoon,Normal,Normal,240,38,30,41,30,41,60,3,FALSE
287,287,264,Linoone,Normal,Normal,420,78,70,61,50,61,100,3,FALSE
288,288,265,Wurmple,Bug,Bug,195,45,45,35,20,30,20,3,FALSE
289,289,266,Silcoon,Bug,Bug,205,50,35,55,25,25,15,3,FALSE
290,290,267,Beautifly,Bug,Flying,395,60,70,50,100,50,65,3,FALSE
291,291,268,Cascoon,Bug,Bug,205,50,35,55,25,25,15,3,FALSE
292,292,269,Dustox,Bug,Poison,385,60,50,70,50,90,65,3,FALSE
293,293,270,Lotad,Water,Grass,220,40,30,30,40,50,30,3,FALSE
294,294,271,Lombre,Water,Grass,340,60,50,50,60,70,50,3,FALSE
295,295,272,Ludicolo,Water,Grass,480,80,70,70,90,100,70,3,FALSE
296,296,273,Seedot,Grass,Grass,220,40,40,50,30,30,30,3,FALSE
297,297,274,Nuzleaf,Grass,Dark,340,70,70,40,60,40,60,3,FALSE
298,298,275,Shiftry,Grass,Dark,480,90,100,60,90,60,80,3,FALSE
299,299,276,Taillow,Normal,Flying,270,40,55,30,30,30,85,3,FALSE
300,300,277,Swellow,Normal,Flying,430,60,85,60,50,50,125,3,FALSE
301,301,278,Wingull,Water,Flying,270,40,30,30,55,30,85,3,FALSE
302,302,279,Pelipper,Water,Flying,430,60,50,100,85,70,65,3,FALSE
303,303,280,Ralts,Psychic,Fairy,198,28,25,25,45,35,40,3,FALSE
304,304,281,Kirlia,Psychic,Fairy,278,38,35,35,65,55,50,3,FALSE
305,305,282,Gardevoir,Psychic,Fairy,518,68,65,65,125,115,80,3,FALSE
307,307,283,Surskit,Bug,Water,269,40,30,32,50,52,65,3,FALSE
308,308,284,Masquerain,Bug,Flying,414,70,60,62,80,82,60,3,FALSE
309,309,285,Shroomish,Grass,Grass,295,60,40,60,40,60,35,3,FALSE
310,310,286,Breloom,Grass,Fighting,460,60,130,80,60,60,70,3,FALSE
311,311,287,Slakoth,Normal,Normal,280,60,60,60,35,35,30,3,FALSE
312,312,288,Vigoroth,Normal,Normal,440,80,80,80,55,55,90,3,FALSE
313,313,289,Slaking,Normal,Normal,670,150,160,100,95,65,100,3,FALSE
314,314,290,Nincada,Bug,Ground,266,31,45,90,30,30,40,3,FALSE
315,315,291,Ninjask,Bug,Flying,456,61,90,45,50,50,160,3,FALSE
316,316,292,Shedinja,Bug,Ghost,236,1,90,45,30,30,40,3,FALSE
317,317,293,Whismur,Normal,Normal,240,64,51,23,51,23,28,3,FALSE
318,318,294,Loudred,Normal,Normal,360,84,71,43,71,43,48,3,FALSE
319,319,295,Exploud,Normal,Normal,490,104,91,63,91,73,68,3,FALSE
320,320,296,Makuhita,Fighting,Fighting,237,72,60,30,20,30,25,3,FALSE
321,321,297,Hariyama,Fighting,Fighting,474,144,120,60,40,60,50,3,FALSE
322,322,298,Azurill,Normal,Fairy,190,50,20,40,20,40,20,3,FALSE
323,323,299,Nosepass,Rock,Rock,375,30,45,135,45,90,30,3,FALSE
324,324,300,Skitty,Normal,Normal,260,50,45,45,35,35,50,3,FALSE
325,325,301,Delcatty,Normal,Normal,380,70,65,65,55,55,70,3,FALSE
326,326,302,Sableye,Dark,Ghost,380,50,75,75,65,65,50,3,FALSE
328,328,303,Mawile,Steel,Fairy,380,50,85,85,55,55,50,3,FALSE
330,330,304,Aron,Steel,Rock,330,50,70,100,40,40,30,3,FALSE
331,331,305,Lairon,Steel,Rock,430,60,90,140,50,50,40,3,FALSE
332,332,306,Aggron,Steel,Rock,530,70,110,180,60,60,50,3,FALSE
334,334,307,Meditite,Fighting,Psychic,280,30,40,55,40,55,60,3,FALSE
335,335,308,Medicham,Fighting,Psychic,410,60,60,75,60,75,80,3,FALSE
337,337,309,Electrike,Electric,Electric,295,40,45,40,65,40,65,3,FALSE
338,338,310,Manectric,Electric,Electric,475,70,75,60,105,60,105,3,FALSE
340,340,311,Plusle,Electric,Electric,405,60,50,40,85,75,95,3,FALSE
341,341,312,Minun,Electric,Electric,405,60,40,50,75,85,95,3,FALSE
342,342,313,Volbeat,Bug,Bug,400,65,73,55,47,75,85,3,FALSE
343,343,314,Illumise,Bug,Bug,400,65,47,55,73,75,85,3,FALSE
344,344,315,Roselia,Grass,Poison,400,50,60,45,100,80,65,3,FALSE
345,345,316,Gulpin,Poison,Poison,302,70,43,53,43,53,40,3,FALSE
346,346,317,Swalot,Poison,Poison,467,100,73,83,73,83,55,3,FALSE
347,347,318,Carvanha,Water,Dark,305,45,90,20,65,20,65,3,FALSE
348,348,319,Sharpedo,Water,Dark,460,70,120,40,95,40,95,3,FALSE
350,350,320,Wailmer,Water,Water,400,130,70,35,70,35,60,3,FALSE
351,351,321,Wailord,Water,Water,500,170,90,45,90,45,60,3,FALSE
352,352,322,Numel,Fire,Ground,305,60,60,40,65,45,35,3,FALSE
353,353,323,Camerupt,Fire,Ground,460,70,100,70,105,75,40,3,FALSE
355,355,324,Torkoal,Fire,Fire,470,70,85,140,85,70,20,3,FALSE
356,356,325,Spoink,Psychic,Psychic,330,60,25,35,70,80,60,3,FALSE
357,357,326,Grumpig,Psychic,Psychic,470,80,45,65,90,110,80,3,FALSE
358,358,327,Spinda,Normal,Normal,360,60,60,60,60,60,60,3,FALSE
359,359,328,Trapinch,Ground,Ground,290,45,100,45,45,45,10,3,FALSE
360,360,329,Vibrava,Ground,Dragon,340,50,70,50,50,50,70,3,FALSE
361,361,330,Flygon,Ground,Dragon,520,80,100,80,80,80,100,3,FALSE
362,362,331,Cacnea,Grass,Grass,335,50,85,40,85,40,35,3,FALSE
363,363,332,Cacturne,Grass,Dark,475,70,115,60,115,60,55,3,FALSE
364,364,333,Swablu,Normal,Flying,310,45,40,60,40,75,50,3,FALSE
365,365,334,Altaria,Dragon,Flying,490,75,70,90,70,105,80,3,FALSE
367,367,335,Zangoose,Normal,Normal,458,73,115,60,60,60,90,3,FALSE
368,368,336,Seviper,Poison,Poison,458,73,100,60,100,60,65,3,FALSE
369,369,337,Lunatone,Rock,Psychic,440,70,55,65,95,85,70,3,FALSE
370,370,338,Solrock,Rock,Psychic,440,70,95,85,55,65,70,3,FALSE
371,371,339,Barboach,Water,Ground,288,50,48,43,46,41,60,3,FALSE
372,372,340,Whiscash,Water,Ground,468,110,78,73,76,71,60,3,FALSE
373,373,341,Corphish,Water,Water,308,43,80,65,50,35,35,3,FALSE
374,374,342,Crawdaunt,Water,Dark,468,63,120,85,90,55,55,3,FALSE
375,375,343,Baltoy,Ground,Psychic,300,40,40,55,40,70,55,3,FALSE
376,376,344,Claydol,Ground,Psychic,500,60,70,105,70,120,75,3,FALSE
377,377,345,Lileep,Rock,Grass,355,66,41,77,61,87,23,3,FALSE
378,378,346,Cradily,Rock,Grass,495,86,81,97,81,107,43,3,FALSE
379,379,347,Anorith,Rock,Bug,355,45,95,50,40,50,75,3,FALSE
380,380,348,Armaldo,Rock,Bug,495,75,125,100,70,80,45,3,FALSE
381,381,349,Feebas,Water,Water,200,20,15,20,10,55,80,3,FALSE
382,382,350,Milotic,Water,Water,540,95,60,79,100,125,81,3,FALSE
383,383,351,Castform,Normal,Normal,420,70,70,70,70,70,70,3,FALSE
384,384,352,Kecleon,Normal,Normal,440,60,90,70,60,120,40,3,FALSE
385,385,353,Shuppet,Ghost,Ghost,295,44,75,35,63,33,45,3,FALSE
386,386,354,Banette,Ghost,Ghost,455,64,115,65,83,63,65,3,FALSE
388,388,355,Duskull,Ghost,Ghost,295,20,40,90,30,90,25,3,FALSE
389,389,356,Dusclops,Ghost,Ghost,455,40,70,130,60,130,25,3,FALSE
390,390,357,Tropius,Grass,Flying,460,99,68,83,72,87,51,3,FALSE
391,391,358,Chimecho,Psychic,Psychic,425,65,50,70,95,80,65,3,FALSE
392,392,359,Absol,Dark,Dark,465,65,130,60,75,60,75,3,FALSE
394,394,360,Wynaut,Psychic,Psychic,260,95,23,48,23,48,23,3,FALSE
395,395,361,Snorunt,Ice,Ice,300,50,50,50,50,50,50,3,FALSE
396,396,362,Glalie,Ice,Ice,480,80,80,80,80,80,80,3,FALSE
398,398,363,Spheal,Ice,Water,290,70,40,50,55,50,25,3,FALSE
399,399,364,Sealeo,Ice,Water,410,90,60,70,75,70,45,3,FALSE
400,400,365,Walrein,Ice,Water,530,110,80,90,95,90,65,3,FALSE
401,401,366,Clamperl,Water,Water,345,35,64,85,74,55,32,3,FALSE
402,402,367,Huntail,Water,Water,485,55,104,105,94,75,52,3,FALSE
403,403,368,Gorebyss,Water,Water,485,55,84,105,114,75,52,3,FALSE
404,404,369,Relicanth,Water,Rock,485,100,90,130,45,65,55,3,FALSE
405,405,370,Luvdisc,Water,Water,330,43,30,55,40,65,97,3,FALSE
406,406,371,Bagon,Dragon,Dragon,300,45,75,60,40,30,50,3,FALSE
407,407,372,Shelgon,Dragon,Dragon,420,65,95,100,60,50,50,3,FALSE
408,408,373,Salamence,Dragon,Flying,600,95,135,80,110,80,100,3,FALSE
410,410,374,Beldum,Steel,Psychic,300,40,55,80,35,60,30,3,FALSE
411,411,375,Metang,Steel,Psychic,420,60,75,100,55,80,50,3,FALSE
412,412,376,Metagross,Steel,Psychic,600,80,135,130,95,90,70,3,FALSE
414,414,377,Regirock,Rock,Rock,580,80,100,200,50,100,50,3,TRUE
415,415,378,Regice,Ice,Ice,580,80,50,100,100,200,50,3,TRUE
416,416,379,Registeel,Steel,Steel,580,80,75,150,75,150,50,3,TRUE
417,417,380,Latias,Dragon,Psychic,600,80,80,90,110,130,110,3,TRUE
419,419,381,Latios,Dragon,Psychic,600,80,90,80,130,110,110,3,TRUE
421,421,382,Kyogre,Water,Water,670,100,100,90,150,140,90,3,TRUE
423,423,383,Groudon,Ground,Ground,670,100,150,140,100,90,90,3,TRUE
425,425,384,Rayquaza,Dragon,Flying,680,105,150,90,150,90,95,3,TRUE
427,427,385,Jirachi,Steel,Psychic,600,100,100,100,100,100,100,3,TRUE
428,428,386,Deoxys,Psychic,Psychic,600,50,150,50,150,50,150,3,TRUE
429,429,386,DeoxysAttack Forme,Psychic,Psychic,600,50,180,20,180,20,150,3,TRUE
430,430,386,DeoxysDefense Forme,Psychic,Psychic,600,50,70,160,70,160,90,3,TRUE
431,431,386,DeoxysSpeed Forme,Psychic,Psychic,600,50,95,90,95,90,180,3,TRUE
432,432,387,Turtwig,Grass,Grass,318,55,68,64,45,55,31,4,FALSE
433,433,388,Grotle,Grass,Grass,405,75,89,85,55,65,36,4,FALSE
434,434,389,Torterra,Grass,Ground,525,95,109,105,75,85,56,4,FALSE
435,435,390,Chimchar,Fire,Fire,309,44,58,44,58,44,61,4,FALSE
436,436,391,Monferno,Fire,Fighting,405,64,78,52,78,52,81,4,FALSE
437,437,392,Infernape,Fire,Fighting,534,76,104,71,104,71,108,4,FALSE
438,438,393,Piplup,Water,Water,314,53,51,53,61,56,40,4,FALSE
439,439,394,Prinplup,Water,Water,405,64,66,68,81,76,50,4,FALSE
440,440,395,Empoleon,Water,Steel,530,84,86,88,111,101,60,4,FALSE
441,441,396,Starly,Normal,Flying,245,40,55,30,30,30,60,4,FALSE
442,442,397,Staravia,Normal,Flying,340,55,75,50,40,40,80,4,FALSE
443,443,398,Staraptor,Normal,Flying,485,85,120,70,50,60,100,4,FALSE
444,444,399,Bidoof,Normal,Normal,250,59,45,40,35,40,31,4,FALSE
445,445,400,Bibarel,Normal,Water,410,79,85,60,55,60,71,4,FALSE
446,446,401,Kricketot,Bug,Bug,194,37,25,41,25,41,25,4,FALSE
447,447,402,Kricketune,Bug,Bug,384,77,85,51,55,51,65,4,FALSE
448,448,403,Shinx,Electric,Electric,263,45,65,34,40,34,45,4,FALSE
449,449,404,Luxio,Electric,Electric,363,60,85,49,60,49,60,4,FALSE
450,450,405,Luxray,Electric,Electric,523,80,120,79,95,79,70,4,FALSE
451,451,406,Budew,Grass,Poison,280,40,30,35,50,70,55,4,FALSE
452,452,407,Roserade,Grass,Poison,515,60,70,65,125,105,90,4,FALSE
453,453,408,Cranidos,Rock,Rock,350,67,125,40,30,30,58,4,FALSE
454,454,409,Rampardos,Rock,Rock,495,97,165,60,65,50,58,4,FALSE
455,455,410,Shieldon,Rock,Steel,350,30,42,118,42,88,30,4,FALSE
456,456,411,Bastiodon,Rock,Steel,495,60,52,168,47,138,30,4,FALSE
457,457,412,Burmy,Bug,Bug,224,40,29,45,29,45,36,4,FALSE
458,458,413,WormadamPlant Cloak,Bug,Grass,424,60,59,85,79,105,36,4,FALSE
459,459,413,WormadamSandy Cloak,Bug,Ground,424,60,79,105,59,85,36,4,FALSE
460,460,413,WormadamTrash Cloak,Bug,Steel,424,60,69,95,69,95,36,4,FALSE
461,461,414,Mothim,Bug,Flying,424,70,94,50,94,50,66,4,FALSE
462,462,415,Combee,Bug,Flying,244,30,30,42,30,42,70,4,FALSE
463,463,416,Vespiquen,Bug,Flying,474,70,80,102,80,102,40,4,FALSE
464,464,417,Pachirisu,Electric,Electric,405,60,45,70,45,90,95,4,FALSE
465,465,418,Buizel,Water,Water,330,55,65,35,60,30,85,4,FALSE
466,466,419,Floatzel,Water,Water,495,85,105,55,85,50,115,4,FALSE
467,467,420,Cherubi,Grass,Grass,275,45,35,45,62,53,35,4,FALSE
468,468,421,Cherrim,Grass,Grass,450,70,60,70,87,78,85,4,FALSE
469,469,422,Shellos,Water,Water,325,76,48,48,57,62,34,4,FALSE
470,470,423,Gastrodon,Water,Ground,475,111,83,68,92,82,39,4,FALSE
471,471,424,Ambipom,Normal,Normal,482,75,100,66,60,66,115,4,FALSE
472,472,425,Drifloon,Ghost,Flying,348,90,50,34,60,44,70,4,FALSE
473,473,426,Drifblim,Ghost,Flying,498,150,80,44,90,54,80,4,FALSE
474,474,427,Buneary,Normal,Normal,350,55,66,44,44,56,85,4,FALSE
475,475,428,Lopunny,Normal,Normal,480,65,76,84,54,96,105,4,FALSE
477,477,429,Mismagius,Ghost,Ghost,495,60,60,60,105,105,105,4,FALSE
478,478,430,Honchkrow,Dark,Flying,505,100,125,52,105,52,71,4,FALSE
479,479,431,Glameow,Normal,Normal,310,49,55,42,42,37,85,4,FALSE
480,480,432,Purugly,Normal,Normal,452,71,82,64,64,59,112,4,FALSE
481,481,433,Chingling,Psychic,Psychic,285,45,30,50,65,50,45,4,FALSE
482,482,434,Stunky,Poison,Dark,329,63,63,47,41,41,74,4,FALSE
483,483,435,Skuntank,Poison,Dark,479,103,93,67,71,61,84,4,FALSE
484,484,436,Bronzor,Steel,Psychic,300,57,24,86,24,86,23,4,FALSE
485,485,437,Bronzong,Steel,Psychic,500,67,89,116,79,116,33,4,FALSE
486,486,438,Bonsly,Rock,Rock,290,50,80,95,10,45,10,4,FALSE
487,487,439,Mime Jr.,Psychic,Fairy,310,20,25,45,70,90,60,4,FALSE
488,488,440,Happiny,Normal,Normal,220,100,5,5,15,65,30,4,FALSE
489,489,441,Chatot,Normal,Flying,411,76,65,45,92,42,91,4,FALSE
490,490,442,Spiritomb,Ghost,Dark,485,50,92,108,92,108,35,4,FALSE
491,491,443,Gible,Dragon,Ground,300,58,70,45,40,45,42,4,FALSE
492,492,444,Gabite,Dragon,Ground,410,68,90,65,50,55,82,4,FALSE
493,493,445,Garchomp,Dragon,Ground,600,108,130,95,80,85,102,4,FALSE
495,495,446,Munchlax,Normal,Normal,390,135,85,40,40,85,5,4,FALSE
496,496,447,Riolu,Fighting,Fighting,285,40,70,40,35,40,60,4,FALSE
497,497,448,Lucario,Fighting,Steel,525,70,110,70,115,70,90,4,FALSE
499,499,449,Hippopotas,Ground,Ground,330,68,72,78,38,42,32,4,FALSE
500,500,450,Hippowdon,Ground,Ground,525,108,112,118,68,72,47,4,FALSE
501,501,451,Skorupi,Poison,Bug,330,40,50,90,30,55,65,4,FALSE
502,502,452,Drapion,Poison,Dark,500,70,90,110,60,75,95,4,FALSE
503,503,453,Croagunk,Poison,Fighting,300,48,61,40,61,40,50,4,FALSE
504,504,454,Toxicroak,Poison,Fighting,490,83,106,65,86,65,85,4,FALSE
505,505,455,Carnivine,Grass,Grass,454,74,100,72,90,72,46,4,FALSE
506,506,456,Finneon,Water,Water,330,49,49,56,49,61,66,4,FALSE
507,507,457,Lumineon,Water,Water,460,69,69,76,69,86,91,4,FALSE
508,508,458,Mantyke,Water,Flying,345,45,20,50,60,120,50,4,FALSE
509,509,459,Snover,Grass,Ice,334,60,62,50,62,60,40,4,FALSE
510,510,460,Abomasnow,Grass,Ice,494,90,92,75,92,85,60,4,FALSE
512,512,461,Weavile,Dark,Ice,510,70,120,65,45,85,125,4,FALSE
513,513,462,Magnezone,Electric,Steel,535,70,70,115,130,90,60,4,FALSE
514,514,463,Lickilicky,Normal,Normal,515,110,85,95,80,95,50,4,FALSE
515,515,464,Rhyperior,Ground,Rock,535,115,140,130,55,55,40,4,FALSE
516,516,465,Tangrowth,Grass,Grass,535,100,100,125,110,50,50,4,FALSE
517,517,466,Electivire,Electric,Electric,540,75,123,67,95,85,95,4,FALSE
518,518,467,Magmortar,Fire,Fire,540,75,95,67,125,95,83,4,FALSE
519,519,468,Togekiss,Fairy,Flying,545,85,50,95,120,115,80,4,FALSE
520,520,469,Yanmega,Bug,Flying,515,86,76,86,116,56,95,4,FALSE
521,521,470,Leafeon,Grass,Grass,525,65,110,130,60,65,95,4,FALSE
522,522,471,Glaceon,Ice,Ice,525,65,60,110,130,95,65,4,FALSE
523,523,472,Gliscor,Ground,Flying,510,75,95,125,45,75,95,4,FALSE
524,524,473,Mamoswine,Ice,Ground,530,110,130,80,70,60,80,4,FALSE
525,525,474,Porygon-Z,Normal,Normal,535,85,80,70,135,75,90,4,FALSE
526,526,475,Gallade,Psychic,Fighting,518,68,125,65,65,115,80,4,FALSE
528,528,476,Probopass,Rock,Steel,525,60,55,145,75,150,40,4,FALSE
529,529,477,Dusknoir,Ghost,Ghost,525,45,100,135,65,135,45,4,FALSE
530,530,478,Froslass,Ice,Ghost,480,70,80,70,80,70,110,4,FALSE
531,531,479,Rotom,Electric,Ghost,440,50,50,77,95,77,91,4,FALSE
532,532,479,RotomHeat Rotom,Electric,Fire,520,50,65,107,105,107,86,4,FALSE
533,533,479,RotomWash Rotom,Electric,Water,520,50,65,107,105,107,86,4,FALSE
534,534,479,RotomFrost Rotom,Electric,Ice,520,50,65,107,105,107,86,4,FALSE
535,535,479,RotomFan Rotom,Electric,Flying,520,50,65,107,105,107,86,4,FALSE
536,536,479,RotomMow Rotom,Electric,Grass,520,50,65,107,105,107,86,4,FALSE
537,537,480,Uxie,Psychic,Psychic,580,75,75,130,75,130,95,4,TRUE
538,538,481,Mesprit,Psychic,Psychic,580,80,105,105,105,105,80,4,TRUE
539,539,482,Azelf,Psychic,Psychic,580,75,125,70,125,70,115,4,TRUE
540,540,483,Dialga,Steel,Dragon,680,100,120,120,150,100,90,4,TRUE
541,541,484,Palkia,Water,Dragon,680,90,120,100,150,120,100,4,TRUE
542,542,485,Heatran,Fire,Steel,600,91,90,106,130,106,77,4,TRUE
543,543,486,Regigigas,Normal,Normal,670,110,160,110,80,110,100,4,TRUE
544,544,487,GiratinaAltered Forme,Ghost,Dragon,680,150,100,120,100,120,90,4,TRUE
545,545,487,GiratinaOrigin Forme,Ghost,Dragon,680,150,120,100,120,100,90,4,TRUE
546,546,488,Cresselia,Psychic,Psychic,600,120,70,120,75,130,85,4,FALSE
547,547,489,Phione,Water,Water,480,80,80,80,80,80,80,4,FALSE
548,548,490,Manaphy,Water,Water,600,100,100,100,100,100,100,4,FALSE
549,549,491,Darkrai,Dark,Dark,600,70,90,90,135,90,125,4,TRUE
550,550,492,ShayminLand Forme,Grass,Grass,600,100,100,100,100,100,100,4,TRUE
551,551,492,ShayminSky Forme,Grass,Flying,600,100,103,75,120,75,127,4,TRUE
552,552,493,Arceus,Normal,Normal,720,120,120,120,120,120,120,4,TRUE
553,553,494,Victini,Psychic,Fire,600,100,100,100,100,100,100,5,TRUE
554,554,495,Snivy,Grass,Grass,308,45,45,55,45,55,63,5,FALSE
555,555,496,Servine,Grass,Grass,413,60,60,75,60,75,83,5,FALSE
556,556,497,Serperior,Grass,Grass,528,75,75,95,75,95,113,5,FALSE
557,557,498,Tepig,Fire,Fire,308,65,63,45,45,45,45,5,FALSE
558,558,499,Pignite,Fire,Fighting,418,90,93,55,70,55,55,5,FALSE
559,559,500,Emboar,Fire,Fighting,528,110,123,65,100,65,65,5,FALSE
560,560,501,Oshawott,Water,Water,308,55,55,45,63,45,45,5,FALSE
561,561,502,Dewott,Water,Water,413,75,75,60,83,60,60,5,FALSE
562,562,503,Samurott,Water,Water,528,95,100,85,108,70,70,5,FALSE
563,563,504,Patrat,Normal,Normal,255,45,55,39,35,39,42,5,FALSE
564,564,505,Watchog,Normal,Normal,420,60,85,69,60,69,77,5,FALSE
565,565,506,Lillipup,Normal,Normal,275,45,60,45,25,45,55,5,FALSE
566,566,507,Herdier,Normal,Normal,370,65,80,65,35,65,60,5,FALSE
567,567,508,Stoutland,Normal,Normal,500,85,110,90,45,90,80,5,FALSE
568,568,509,Purrloin,Dark,Dark,281,41,50,37,50,37,66,5,FALSE
569,569,510,Liepard,Dark,Dark,446,64,88,50,88,50,106,5,FALSE
570,570,511,Pansage,Grass,Grass,316,50,53,48,53,48,64,5,FALSE
571,571,512,Simisage,Grass,Grass,498,75,98,63,98,63,101,5,FALSE
572,572,513,Pansear,Fire,Fire,316,50,53,48,53,48,64,5,FALSE
573,573,514,Simisear,Fire,Fire,498,75,98,63,98,63,101,5,FALSE
574,574,515,Panpour,Water,Water,316,50,53,48,53,48,64,5,FALSE
575,575,516,Simipour,Water,Water,498,75,98,63,98,63,101,5,FALSE
576,576,517,Munna,Psychic,Psychic,292,76,25,45,67,55,24,5,FALSE
577,577,518,Musharna,Psychic,Psychic,487,116,55,85,107,95,29,5,FALSE
578,578,519,Pidove,Normal,Flying,264,50,55,50,36,30,43,5,FALSE
579,579,520,Tranquill,Normal,Flying,358,62,77,62,50,42,65,5,FALSE
580,580,521,Unfezant,Normal,Flying,488,80,115,80,65,55,93,5,FALSE
581,581,522,Blitzle,Electric,Electric,295,45,60,32,50,32,76,5,FALSE
582,582,523,Zebstrika,Electric,Electric,497,75,100,63,80,63,116,5,FALSE
583,583,524,Roggenrola,Rock,Rock,280,55,75,85,25,25,15,5,FALSE
584,584,525,Boldore,Rock,Rock,390,70,105,105,50,40,20,5,FALSE
585,585,526,Gigalith,Rock,Rock,515,85,135,130,60,80,25,5,FALSE
586,586,527,Woobat,Psychic,Flying,313,55,45,43,55,43,72,5,FALSE
587,587,528,Swoobat,Psychic,Flying,425,67,57,55,77,55,114,5,FALSE
588,588,529,Drilbur,Ground,Ground,328,60,85,40,30,45,68,5,FALSE
589,589,530,Excadrill,Ground,Steel,508,110,135,60,50,65,88,5,FALSE
590,590,531,Audino,Normal,Normal,445,103,60,86,60,86,50,5,FALSE
592,592,532,Timburr,Fighting,Fighting,305,75,80,55,25,35,35,5,FALSE
593,593,533,Gurdurr,Fighting,Fighting,405,85,105,85,40,50,40,5,FALSE
594,594,534,Conkeldurr,Fighting,Fighting,505,105,140,95,55,65,45,5,FALSE
595,595,535,Tympole,Water,Water,294,50,50,40,50,40,64,5,FALSE
596,596,536,Palpitoad,Water,Ground,384,75,65,55,65,55,69,5,FALSE
597,597,537,Seismitoad,Water,Ground,509,105,95,75,85,75,74,5,FALSE
598,598,538,Throh,Fighting,Fighting,465,120,100,85,30,85,45,5,FALSE
599,599,539,Sawk,Fighting,Fighting,465,75,125,75,30,75,85,5,FALSE
600,600,540,Sewaddle,Bug,Grass,310,45,53,70,40,60,42,5,FALSE
601,601,541,Swadloon,Bug,Grass,380,55,63,90,50,80,42,5,FALSE
602,602,542,Leavanny,Bug,Grass,500,75,103,80,70,80,92,5,FALSE
603,603,543,Venipede,Bug,Poison,260,30,45,59,30,39,57,5,FALSE
604,604,544,Whirlipede,Bug,Poison,360,40,55,99,40,79,47,5,FALSE
605,605,545,Scolipede,Bug,Poison,485,60,100,89,55,69,112,5,FALSE
606,606,546,Cottonee,Grass,Fairy,280,40,27,60,37,50,66,5,FALSE
607,607,547,Whimsicott,Grass,Fairy,480,60,67,85,77,75,116,5,FALSE
608,608,548,Petilil,Grass,Grass,280,45,35,50,70,50,30,5,FALSE
609,609,549,Lilligant,Grass,Grass,480,70,60,75,110,75,90,5,FALSE
610,610,550,Basculin,Water,Water,460,70,92,65,80,55,98,5,FALSE
611,611,551,Sandile,Ground,Dark,292,50,72,35,35,35,65,5,FALSE
612,612,552,Krokorok,Ground,Dark,351,60,82,45,45,45,74,5,FALSE
613,613,553,Krookodile,Ground,Dark,519,95,117,80,65,70,92,5,FALSE
614,614,554,Darumaka,Fire,Fire,315,70,90,45,15,45,50,5,FALSE
615,615,555,DarmanitanStandard Mode,Fire,Fire,480,105,140,55,30,55,95,5,FALSE
616,616,555,DarmanitanZen Mode,Fire,Psychic,540,105,30,105,140,105,55,5,FALSE
617,617,556,Maractus,Grass,Grass,461,75,86,67,106,67,60,5,FALSE
618,618,557,Dwebble,Bug,Rock,325,50,65,85,35,35,55,5,FALSE
619,619,558,Crustle,Bug,Rock,475,70,95,125,65,75,45,5,FALSE
620,620,559,Scraggy,Dark,Fighting,348,50,75,70,35,70,48,5,FALSE
621,621,560,Scrafty,Dark,Fighting,488,65,90,115,45,115,58,5,FALSE
622,622,561,Sigilyph,Psychic,Flying,490,72,58,80,103,80,97,5,FALSE
623,623,562,Yamask,Ghost,Ghost,303,38,30,85,55,65,30,5,FALSE
624,624,563,Cofagrigus,Ghost,Ghost,483,58,50,145,95,105,30,5,FALSE
625,625,564,Tirtouga,Water,Rock,355,54,78,103,53,45,22,5,FALSE
626,626,565,Carracosta,Water,Rock,495,74,108,133,83,65,32,5,FALSE
627,627,566,Archen,Rock,Flying,401,55,112,45,74,45,70,5,FALSE
628,628,567,Archeops,Rock,Flying,567,75,140,65,112,65,110,5,FALSE
629,629,568,Trubbish,Poison,Poison,329,50,50,62,40,62,65,5,FALSE
630,630,569,Garbodor,Poison,Poison,474,80,95,82,60,82,75,5,FALSE
631,631,570,Zorua,Dark,Dark,330,40,65,40,80,40,65,5,FALSE
632,632,571,Zoroark,Dark,Dark,510,60,105,60,120,60,105,5,FALSE
633,633,572,Minccino,Normal,Normal,300,55,50,40,40,40,75,5,FALSE
634,634,573,Cinccino,Normal,Normal,470,75,95,60,65,60,115,5,FALSE
635,635,574,Gothita,Psychic,Psychic,290,45,30,50,55,65,45,5,FALSE
636,636,575,Gothorita,Psychic,Psychic,390,60,45,70,75,85,55,5,FALSE
637,637,576,Gothitelle,Psychic,Psychic,490,70,55,95,95,110,65,5,FALSE
638,638,577,Solosis,Psychic,Psychic,290,45,30,40,105,50,20,5,FALSE
639,639,578,Duosion,Psychic,Psychic,370,65,40,50,125,60,30,5,FALSE
640,640,579,Reuniclus,Psychic,Psychic,490,110,65,75,125,85,30,5,FALSE
641,641,580,Ducklett,Water,Flying,305,62,44,50,44,50,55,5,FALSE
642,642,581,Swanna,Water,Flying,473,75,87,63,87,63,98,5,FALSE
643,643,582,Vanillite,Ice,Ice,305,36,50,50,65,60,44,5,FALSE
644,644,583,Vanillish,Ice,Ice,395,51,65,65,80,75,59,5,FALSE
645,645,584,Vanilluxe,Ice,Ice,535,71,95,85,110,95,79,5,FALSE
646,646,585,Deerling,Normal,Grass,335,60,60,50,40,50,75,5,FALSE
647,647,586,Sawsbuck,Normal,Grass,475,80,100,70,60,70,95,5,FALSE
648,648,587,Emolga,Electric,Flying,428,55,75,60,75,60,103,5,FALSE
649,649,588,Karrablast,Bug,Bug,315,50,75,45,40,45,60,5,FALSE
650,650,589,Escavalier,Bug,Steel,495,70,135,105,60,105,20,5,FALSE
651,651,590,Foongus,Grass,Poison,294,69,55,45,55,55,15,5,FALSE
652,652,591,Amoonguss,Grass,Poison,464,114,85,70,85,80,30,5,FALSE
653,653,592,Frillish,Water,Ghost,335,55,40,50,65,85,40,5,FALSE
654,654,593,Jellicent,Water,Ghost,480,100,60,70,85,105,60,5,FALSE
655,655,594,Alomomola,Water,Water,470,165,75,80,40,45,65,5,FALSE
656,656,595,Joltik,Bug,Electric,319,50,47,50,57,50,65,5,FALSE
657,657,596,Galvantula,Bug,Electric,472,70,77,60,97,60,108,5,FALSE
658,658,597,Ferroseed,Grass,Steel,305,44,50,91,24,86,10,5,FALSE
659,659,598,Ferrothorn,Grass,Steel,489,74,94,131,54,116,20,5,FALSE
660,660,599,Klink,Steel,Steel,300,40,55,70,45,60,30,5,FALSE
661,661,600,Klang,Steel,Steel,440,60,80,95,70,85,50,5,FALSE
662,662,601,Klinklang,Steel,Steel,520,60,100,115,70,85,90,5,FALSE
663,663,602,Tynamo,Electric,Electric,275,35,55,40,45,40,60,5,FALSE
664,664,603,Eelektrik,Electric,Electric,405,65,85,70,75,70,40,5,FALSE
665,665,604,Eelektross,Electric,Electric,515,85,115,80,105,80,50,5,FALSE
666,666,605,Elgyem,Psychic,Psychic,335,55,55,55,85,55,30,5,FALSE
667,667,606,Beheeyem,Psychic,Psychic,485,75,75,75,125,95,40,5,FALSE
668,668,607,Litwick,Ghost,Fire,275,50,30,55,65,55,20,5,FALSE
669,669,608,Lampent,Ghost,Fire,370,60,40,60,95,60,55,5,FALSE
670,670,609,Chandelure,Ghost,Fire,520,60,55,90,145,90,80,5,FALSE
671,671,610,Axew,Dragon,Dragon,320,46,87,60,30,40,57,5,FALSE
672,672,611,Fraxure,Dragon,Dragon,410,66,117,70,40,50,67,5,FALSE
673,673,612,Haxorus,Dragon,Dragon,540,76,147,90,60,70,97,5,FALSE
674,674,613,Cubchoo,Ice,Ice,305,55,70,40,60,40,40,5,FALSE
675,675,614,Beartic,Ice,Ice,485,95,110,80,70,80,50,5,FALSE
676,676,615,Cryogonal,Ice,Ice,485,70,50,30,95,135,105,5,FALSE
677,677,616,Shelmet,Bug,Bug,305,50,40,85,40,65,25,5,FALSE
678,678,617,Accelgor,Bug,Bug,495,80,70,40,100,60,145,5,FALSE
679,679,618,Stunfisk,Ground,Electric,471,109,66,84,81,99,32,5,FALSE
680,680,619,Mienfoo,Fighting,Fighting,350,45,85,50,55,50,65,5,FALSE
681,681,620,Mienshao,Fighting,Fighting,510,65,125,60,95,60,105,5,FALSE
682,682,621,Druddigon,Dragon,Dragon,485,77,120,90,60,90,48,5,FALSE
683,683,622,Golett,Ground,Ghost,303,59,74,50,35,50,35,5,FALSE
684,684,623,Golurk,Ground,Ghost,483,89,124,80,55,80,55,5,FALSE
685,685,624,Pawniard,Dark,Steel,340,45,85,70,40,40,60,5,FALSE
686,686,625,Bisharp,Dark,Steel,490,65,125,100,60,70,70,5,FALSE
687,687,626,Bouffalant,Normal,Normal,490,95,110,95,40,95,55,5,FALSE
688,688,627,Rufflet,Normal,Flying,350,70,83,50,37,50,60,5,FALSE
689,689,628,Braviary,Normal,Flying,510,100,123,75,57,75,80,5,FALSE
690,690,629,Vullaby,Dark,Flying,370,70,55,75,45,65,60,5,FALSE
691,691,630,Mandibuzz,Dark,Flying,510,110,65,105,55,95,80,5,FALSE
692,692,631,Heatmor,Fire,Fire,484,85,97,66,105,66,65,5,FALSE
693,693,632,Durant,Bug,Steel,484,58,109,112,48,48,109,5,FALSE
694,694,633,Deino,Dark,Dragon,300,52,65,50,45,50,38,5,FALSE
695,695,634,Zweilous,Dark,Dragon,420,72,85,70,65,70,58,5,FALSE
696,696,635,Hydreigon,Dark,Dragon,600,92,105,90,125,90,98,5,FALSE
697,697,636,Larvesta,Bug,Fire,360,55,85,55,50,55,60,5,FALSE
698,698,637,Volcarona,Bug,Fire,550,85,60,65,135,105,100,5,FALSE
699,699,638,Cobalion,Steel,Fighting,580,91,90,129,90,72,108,5,TRUE
700,700,639,Terrakion,Rock,Fighting,580,91,129,90,72,90,108,5,TRUE
701,701,640,Virizion,Grass,Fighting,580,91,90,72,90,129,108,5,TRUE
702,702,641,TornadusIncarnate Forme,Flying,Flying,580,79,115,70,125,80,111,5,TRUE
703,703,641,TornadusTherian Forme,Flying,Flying,580,79,100,80,110,90,121,5,TRUE
704,704,642,ThundurusIncarnate Forme,Electric,Flying,580,79,115,70,125,80,111,5,TRUE
705,705,642,ThundurusTherian Forme,Electric,Flying,580,79,105,70,145,80,101,5,TRUE
706,706,643,Reshiram,Dragon,Fire,680,100,120,100,150,120,90,5,TRUE
707,707,644,Zekrom,Dragon,Electric,680,100,150,120,120,100,90,5,TRUE
708,708,645,LandorusIncarnate Forme,Ground,Flying,600,89,125,90,115,80,101,5,TRUE
709,709,645,LandorusTherian Forme,Ground,Flying,600,89,145,90,105,80,91,5,TRUE
710,710,646,Kyurem,Dragon,Ice,660,125,130,90,130,90,95,5,TRUE
711,711,646,KyuremBlack Kyurem,Dragon,Ice,700,125,170,100,120,90,95,5,TRUE
712,712,646,KyuremWhite Kyurem,Dragon,Ice,700,125,120,90,170,100,95,5,TRUE
713,713,647,KeldeoOrdinary Forme,Water,Fighting,580,91,72,90,129,90,108,5,FALSE
714,714,647,KeldeoResolute Forme,Water,Fighting,580,91,72,90,129,90,108,5,FALSE
715,715,648,MeloettaAria Forme,Normal,Psychic,600,100,77,77,128,128,90,5,FALSE
716,716,648,MeloettaPirouette Forme,Normal,Fighting,600,100,128,90,77,77,128,5,FALSE
717,717,649,Genesect,Bug,Steel,600,71,120,95,120,95,99,5,FALSE
718,718,650,Chespin,Grass,Grass,313,56,61,65,48,45,38,6,FALSE
719,719,651,Quilladin,Grass,Grass,405,61,78,95,56,58,57,6,FALSE
720,720,652,Chesnaught,Grass,Fighting,530,88,107,122,74,75,64,6,FALSE
721,721,653,Fennekin,Fire,Fire,307,40,45,40,62,60,60,6,FALSE
722,722,654,Braixen,Fire,Fire,409,59,59,58,90,70,73,6,FALSE
723,723,655,Delphox,Fire,Psychic,534,75,69,72,114,100,104,6,FALSE
724,724,656,Froakie,Water,Water,314,41,56,40,62,44,71,6,FALSE
725,725,657,Frogadier,Water,Water,405,54,63,52,83,56,97,6,FALSE
726,726,658,Greninja,Water,Dark,530,72,95,67,103,71,122,6,FALSE
727,727,659,Bunnelby,Normal,Normal,237,38,36,38,32,36,57,6,FALSE
728,728,660,Diggersby,Normal,Ground,423,85,56,77,50,77,78,6,FALSE
729,729,661,Fletchling,Normal,Flying,278,45,50,43,40,38,62,6,FALSE
730,730,662,Fletchinder,Fire,Flying,382,62,73,55,56,52,84,6,FALSE
731,731,663,Talonflame,Fire,Flying,499,78,81,71,74,69,126,6,FALSE
732,732,664,Scatterbug,Bug,Bug,200,38,35,40,27,25,35,6,FALSE
733,733,665,Spewpa,Bug,Bug,213,45,22,60,27,30,29,6,FALSE
734,734,666,Vivillon,Bug,Flying,411,80,52,50,90,50,89,6,FALSE
735,735,667,Litleo,Fire,Normal,369,62,50,58,73,54,72,6,FALSE
736,736,668,Pyroar,Fire,Normal,507,86,68,72,109,66,106,6,FALSE
737,737,669,Flabébé,Fairy,Fairy,303,44,38,39,61,79,42,6,FALSE
738,738,670,Floette,Fairy,Fairy,371,54,45,47,75,98,52,6,FALSE
739,739,671,Florges,Fairy,Fairy,552,78,65,68,112,154,75,6,FALSE
740,740,672,Skiddo,Grass,Grass,350,66,65,48,62,57,52,6,FALSE
741,741,673,Gogoat,Grass,Grass,531,123,100,62,97,81,68,6,FALSE
742,742,674,Pancham,Fighting,Fighting,348,67,82,62,46,48,43,6,FALSE
743,743,675,Pangoro,Fighting,Dark,495,95,124,78,69,71,58,6,FALSE
744,744,676,Furfrou,Normal,Normal,472,75,80,60,65,90,102,6,FALSE
745,745,677,Espurr,Psychic,Psychic,355,62,48,54,63,60,68,6,FALSE
746,746,678,MeowsticMale,Psychic,Psychic,466,74,48,76,83,81,104,6,FALSE
747,747,678,MeowsticFemale,Psychic,Psychic,466,74,48,76,83,81,104,6,FALSE
748,748,679,Honedge,Steel,Ghost,325,45,80,100,35,37,28,6,FALSE
749,749,680,Doublade,Steel,Ghost,448,59,110,150,45,49,35,6,FALSE
750,750,681,AegislashBlade Forme,Steel,Ghost,520,60,150,50,150,50,60,6,FALSE
751,751,681,AegislashShield Forme,Steel,Ghost,520,60,50,150,50,150,60,6,FALSE
752,752,682,Spritzee,Fairy,Fairy,341,78,52,60,63,65,23,6,FALSE
753,753,683,Aromatisse,Fairy,Fairy,462,101,72,72,99,89,29,6,FALSE
754,754,684,Swirlix,Fairy,Fairy,341,62,48,66,59,57,49,6,FALSE
755,755,685,Slurpuff,Fairy,Fairy,480,82,80,86,85,75,72,6,FALSE
756,756,686,Inkay,Dark,Psychic,288,53,54,53,37,46,45,6,FALSE
757,757,687,Malamar,Dark,Psychic,482,86,92,88,68,75,73,6,FALSE
758,758,688,Binacle,Rock,Water,306,42,52,67,39,56,50,6,FALSE
759,759,689,Barbaracle,Rock,Water,500,72,105,115,54,86,68,6,FALSE
760,760,690,Skrelp,Poison,Water,320,50,60,60,60,60,30,6,FALSE
761,761,691,Dragalge,Poison,Dragon,494,65,75,90,97,123,44,6,FALSE
762,762,692,Clauncher,Water,Water,330,50,53,62,58,63,44,6,FALSE
763,763,693,Clawitzer,Water,Water,500,71,73,88,120,89,59,6,FALSE
764,764,694,Helioptile,Electric,Normal,289,44,38,33,61,43,70,6,FALSE
765,765,695,Heliolisk,Electric,Normal,481,62,55,52,109,94,109,6,FALSE
766,766,696,Tyrunt,Rock,Dragon,362,58,89,77,45,45,48,6,FALSE
767,767,697,Tyrantrum,Rock,Dragon,521,82,121,119,69,59,71,6,FALSE
768,768,698,Amaura,Rock,Ice,362,77,59,50,67,63,46,6,FALSE
769,769,699,Aurorus,Rock,Ice,521,123,77,72,99,92,58,6,FALSE
770,770,700,Sylveon,Fairy,Fairy,525,95,65,65,110,130,60,6,FALSE
771,771,701,Hawlucha,Fighting,Flying,500,78,92,75,74,63,118,6,FALSE
772,772,702,Dedenne,Electric,Fairy,431,67,58,57,81,67,101,6,FALSE
773,773,703,Carbink,Rock,Fairy,500,50,50,150,50,150,50,6,FALSE
774,774,704,Goomy,Dragon,Dragon,300,45,50,35,55,75,40,6,FALSE
775,775,705,Sliggoo,Dragon,Dragon,452,68,75,53,83,113,60,6,FALSE
776,776,706,Goodra,Dragon,Dragon,600,90,100,70,110,150,80,6,FALSE
777,777,707,Klefki,Steel,Fairy,470,57,80,91,80,87,75,6,FALSE
778,778,708,Phantump,Ghost,Grass,309,43,70,48,50,60,38,6,FALSE
779,779,709,Trevenant,Ghost,Grass,474,85,110,76,65,82,56,6,FALSE
780,780,710,PumpkabooAverage Size,Ghost,Grass,335,49,66,70,44,55,51,6,FALSE
781,781,710,PumpkabooSmall Size,Ghost,Grass,335,44,66,70,44,55,56,6,FALSE
782,782,710,PumpkabooLarge Size,Ghost,Grass,335,54,66,70,44,55,46,6,FALSE
783,783,710,PumpkabooSuper Size,Ghost,Grass,335,59,66,70,44,55,41,6,FALSE
784,784,711,GourgeistAverage Size,Ghost,Grass,494,65,90,122,58,75,84,6,FALSE
785,785,711,GourgeistSmall Size,Ghost,Grass,494,55,85,122,58,75,99,6,FALSE
786,786,711,GourgeistLarge Size,Ghost,Grass,494,75,95,122,58,75,69,6,FALSE
787,787,711,GourgeistSuper Size,Ghost,Grass,494,85,100,122,58,75,54,6,FALSE
788,788,712,Bergmite,Ice,Ice,304,55,69,85,32,35,28,6,FALSE
789,789,713,Avalugg,Ice,Ice,514,95,117,184,44,46,28,6,FALSE
790,790,714,Noibat,Flying,Dragon,245,40,30,35,45,40,55,6,FALSE
791,791,715,Noivern,Flying,Dragon,535,85,70,80,97,80,123,6,FALSE
792,792,716,Xerneas,Fairy,Fairy,680,126,131,95,131,98,99,6,TRUE
793,793,717,Yveltal,Dark,Flying,680,126,131,95,131,98,99,6,TRUE
794,794,718,Zygarde50% Forme,Dragon,Ground,600,108,100,121,81,95,95,6,TRUE
795,795,719,Diancie,Rock,Fairy,600,50,100,150,100,150,50,6,TRUE
797,797,720,HoopaHoopa Confined,Psychic,Ghost,600,80,110,60,150,130,70,6,TRUE
798,798,720,HoopaHoopa Unbound,Psychic,Dark,680,80,160,60,170,130,80,6,TRUE
799,799,721,Volcanion,Fire,Water,600,80,110,120,130,90,70,6,TRUE
